DataSystem,Affiliation,Country,,,
Marine_species,"School of Computer Science,  University of Manchester and National Centre for Text Mining (NaCTeM),  Manchester Interdisciplinary Biocentre",UK,,,
Marine_species,eOceans,Canada,,,
Marine_species,"Centre for Marine and Environmental Studies (CESAM) & Department of Biology,  University of Aveiro",Portugal,,,
Marine_species,"Ocean Networks Canada, University of Victoria",Canada,,,
Marine_species,Dep. Earth Sciences Natural History Museum (NHM) London,UK,,,
Marine_species,Saatchi & Saatchi,New Zealand,,,
Marine_species,University of New South Wales,Australia,,,
Marine_species,Wikipedia NL,The Netherlands,,,
Marine_species,Dengun Lda.,Portugal,,,
Marine_species,Taxonomy Group Genbank National Center for Biotechnology Information NIH,USA,,,
Marine_species,"ARC Centre of Excellence for Coral Reef Studies, University of Queensland,  Brisbane",Australia,,,
Marine_species,IFREMER,France,,,
Marine_species,"Global Genome Initiative, Smithsonian Institution",US,,,
Marine_species,"Department of Energy and Process Engineering, Faculty of Engineering, NTNU, Trondheim",Norway,,,
Marine_species,"National Environmental Research Institute, Aarhus University, Dept. of Marine Ecology",Denmark,,,
Marine_species,Institute for Marine Resources and Ecosystem Studies (IMARES),The Netherlands,,,
Marine_species,IFREMER,France,,,
Marine_species,"IRENAV, BCRM Brest, Ecole navale et groupe des écoles du Poulmic",France,,,
Marine_species,K2 Sistemas,Brasil,,,
Marine_species,Spanish National Cancer Research Centre,Spain,,,
Marine_species,Marine Barcode of Life (MarBOL),Canada,,,
Marine_species,"Beijing Genomics Institute (BGI), Shenzhen",China,,,
Marine_species,"Dept. of Civil and Environmental Engineering, Stanford University",USA,,,
Marine_species,The Marine Biological Association- Data Archive Centre (DASSH),UK,,,
Marine_species,"Academia Sinica, Biodiversity Research Center",Taiwan,,,
Marine_species,"Departamento de Biotecnologia Marina, Centro de Investigación Científica y de Educación Superior de Ensenada (CICESE)",Mexico,,,
Marine_species,Filipe Medina de Sousa,Portugal,,,
Marine_species,"Friedrich-Alexander-Universität, Erlangen",Germany,,,
Marine_species,"University of California, Berkeley, Integrative Biology",US,,,
Marine_species,"Leigh Marine Laboratory, University of Auckland",New Zealand,,,
Marine_species,King Abdullah University of Science and Technology,Saudi Arabia,,,
Marine_species,National Oceanic and Atmospheric Administration (NOAA); Center for Coastal Environmental Health and Biomolecular Research,USA,,,
Marine_species,Personal,US,,,
Marine_species,"The Nature Conservancy, Houston, Texas",USA,,,
Marine_species,Marine Ecological Surveys Ltd,UK,,,
Marine_species,AIMS,Australia,,,
Marine_species,"Centre for Environment, Fisheries & Aquaculture Science (CEFAS),  Lowestoft",UK,,,
Marine_species,"Quantitative Aquatics,  Sto. Domingo",Philippines,,,
Marine_species,Circolo attività Subacquee Chieri,Italy,,,
Marine_species,"Bangor University, School of Ocean Sciences",UK,,,
Marine_species,BGI-Qingdao,China,,,
Marine_species,GBIF,Denmark,,,
Marine_species,"Petrobras, Rio de Janeiro",Brasil,,,
Marine_species,"Department of Zoology,  Tel Aviv University, Tel Aviv",Israel,,,
Marine_species,"Queen's University Marine Laboratory (QML), Belfast",Ireland,,,
Marine_species,Universidade da Coruña,Spain,,,
Marine_species,Dalhousie University,Canada,,,
Marine_species,Indonesian Institute of Science,Indonesia,,,
Marine_species,Max Planck Institute for Mathematics in the Sciences,Germany,,,
Marine_species,"Molecular, Ecology, Evolution and Phylogenetics research group, University of Sydney",Australia,,,
Marine_species,Federal Environmental Agency,Germany,,,
Marine_species,Aniol S.L.,UK,,,
Marine_species,GBIF,Denmark,,,
Marine_species,"LifeWatchGreece (LWG),  Hellenic Centre for Marine Research (HCMR)",Greece,,,
Marine_species,"POMC Consulting (One World Analytics), Lancaster",UK,,,
Marine_species,Diveboard.com,France,,,
Marine_species,"Centre for Marine Living Resources & Ecology. Ministry of Earth Sciences, Govt. of India",India,,,
Marine_species,"CORPI, Klaipeda University",Lithuania,,,
Marine_species,OAG - Observatorio Ambiental Granadilla,Spain,,,
Marine_species,CSIRO Marine and Atmospheric Research,Australia,,,
Marine_species,Bundesamt für Seeschifffahrt und Hydrographie (BSH),Germany,,,
Marine_species,Central Marine Fisheries Research Institute,India,,,
Marine_species,"Department of Marine Ecology, National Environmental Institute, University of Aarhus",Denmark,,,
Marine_species,GBIF Swiss Node,Switzerland,,,
Marine_species,IFREMER - Centre de nantes Département EMH,France,,,
Marine_species,"Institute for Polar Ecology, University of Kiel",Germany,,,
Marine_species,Instituto Mediterraneo de Estudios Avanzados (IMEDEA),Spain,,,
Marine_species,L'Institut de recherche pour le développement (IRD),France,,,
Marine_species,"Marine Scotland Science, Marine Laboratory",UK,,,
Marine_species,MUMM,Belgium,,,
Marine_species,Musée cantonal de zoologie,Switzerland,,,
Marine_species,MyDiveAlbum,South Africa,,,
Marine_species,National Institute for Environmental Research and Protection (ISPRA),Italy,,,
Marine_species,"Sorbonne Université/CNRS, Station Biologique de Roscoff",France,,,
Marine_species,University of Messina,Italy,,,
Marine_species,Plymouth Marine Laboratory,UK,,,
Marine_species,"Centro de Investigaciones Marinas, Universidad de La Habana",Cuba,,,
Marine_species,"Benthos Ecology, Marine Institute, Galway",Ireland,,,
Marine_species,Ocean Ecology,UK,,,
Marine_species,Smithsonian,United States,,,
Marine_species,"Centre for Development Co-operation in Fisheries (CDCF), Institute of Marine Research",Norway,,,
Marine_species,"National Institute of Water and Atmospheric Research (NIWA), Wellington",New Zealand,,,
Marine_species,MNHN,France,,,
Marine_species,"University of Washington, School of Aquatic and Fishery Sciences",USA,,,
Marine_species,Yale University,USA,,,
Marine_species,"Center for Macroecology, Evolution and Climate, Department of Biology, Copenhagen University",Denmark,,,
Marine_species,HCMR,Greece,,,
Marine_species,Natural History Museum Vienna,Austria,,,
Marine_species,LazyDiving.com,China,,,
Marine_species,"National Museum of Natural History, Smithsonian Institution",USA,,,
Marine_species,Florida Fish and Wildlife Conservation Commission,USA,,,
Marine_species,Museum and Art Gallery of the Northern Territory,Australia,,,
Marine_species,"University of Essex, School of Computer Science and Electronic Engineering",UK,,,
Marine_species,National Oceanic and Atmospheric Administration (NOAA); Marine Ecosystems Division,USA,,,
Marine_species,Japan Agency for Marine-Earth Science and Technology (JAMSTEC),Japan,,,
Marine_species,Ocean Genome Legacy,USA,,,
Marine_species,Zoological Institute of RAS,Russia,,,
Marine_species,Zoological Institute of RAS,Russia,,,
Marine_species,University of Bologna,Italy,,,
Marine_species," Marine Biodiversity Center, Natural History Museum, Los Angeles",US,,,
Marine_species,VIMAR (Vida Marina),Spain,,,
Marine_species,"Florida International University, Biscayne Bay Campus",USA,,,
Marine_species,University of Alabama at Birmingham,USA,,,
Marine_species,Mathias Lindner,Germany,,,
Marine_species,"IFREMER–DYNECO/VIGIES, Nantes",France,,,
Marine_species,"Cape Cod Museum of Natural History, Brewster, MA",USA,,,
Marine_species,"CREOCEAN Society, Montpellier",France,,,
Marine_species,"Sorbonne Université/CNRS, Laboratoire d'Océanographie de Villefranche",France,,,
Marine_species,"Korea Institute of Ocean Science and Technology, Ocean Observation and Information Section",Korea,,,
Marine_species,"Biodiversity Institute of Ontario, University of Guelph",Canada,,,
Marine_species,"Environment Department, University of York",UK,,,
Marine_species,Juan J. González,Spain,,,
Marine_species,Bitonga Ltd.,UK,,,
Marine_species,"University of British Columbia, Fisheries Centre",Canada,,,
Marine_species,University of California San Diego,USA,,,
Marine_species,"Moss Landing Marine Laboratory, California State University",USA,,,
Marine_species,n/a,France,,,
Marine_species,Réserves Naturelles de France,France,,,
Marine_species,Senckenberg Forschungsinstitut und Naturmuseum Frankfurt,Germany,,,
Marine_species,Divenation.com,UK,,,
Marine_species," US Environmental Protection Agency (US EPA), Coastal Ecology Branch",USA,,,
Marine_species,"USGS Western Fisheries Research Center, Marine Hatfield Science Center",USA,,,
Marine_species,"Instituto de Tecnología y Ciencias Marinas, Universidad Simón Bolívar",Venezuela,,,
Marine_species,Trinity College Dublin,Ireland,,,
Marine_species,Australian Antarctic Division,Australia,,,
Marine_species,Hong Kong Baptist University,N/A,,,
Marine_species,"University of Sheffield, Department of Animal & Plant Sciences",UK,,,
Marine_species,NETAXIA Limited,UK,,,
Marine_species,National Museums Northern Ireland,Ireland,,,
Marine_species,"Department of Paleobiology, National Museum of Natural History, Smithsonian Institution",USA,,,
Marine_species," New York State Museum,Albany",USA,,,
Marine_species,Wikipedia,United States,,,
Marine_species,Museum of Natural History,USA,,,
Marine_species,"OceanCertain - Norwegian University of Science and Technology (NTNU), Trondheim",Norway,,,
Marine_species,Seasearch c/o Marine Conservation Society,United Kingdom,,,
Marine_species,"Roger Williams University, Department of Biology and Marine Biology",US,,,
Marine_species,Marine Ecological Solutions Ltd,UK,,,
Marine_species,Atlantic Reference Centre,Canada,,,
Marine_species,Arizona State University,N/A,,,
Marine_species,Marine and Freshwater Institute Iceland,Iceland,,,
Marine_species,3T Software Labs GmbH,Germany,,,
Marine_species,Centre of Marine Sciences,Portugal,,,
Marine_species,CRACS - INESC TEC,Portugal,,,
Marine_species,Japan Agency for Marine-Earth Science and Technology,Japan,,,
Marine_species,International Council for the Exploration of the Sea (ICES),Denmark,,,
Marine_species,"Biologica Environmental Services Ltd., Victoria",Canada,,,
Marine_species,"South African Institute for Aquatic Biodiversity, Grahamstown",South Africa,,,
Marine_species,National Oceanic and Atmospheric Administration,USA,,,
Marine_species,Museum of Comparative Zoology,United States,,,
Marine_species,BGI-Qingdao,China,,,
Marine_species,North Carolina Museum of Natural Sciences,United States,,,
Marine_species,Centre of Marine Sciences,Portugal,,,
Marine_species, Ocean Ecology Limited,United Kingdom,,,
Marine_species,University of Tartu Natural History Museum,Estonia,,,
Marine_species,"Industrial Ecology Programme, Department of Energy and Process Engineering, Norwegian University of Science and Technology (NTNU)",Norway,,,
Marine_species,International Council for the Exploration of the Sea,Denmark,,,
Marine_species,"ddms, Inc.",United States,,,
Marine_species,Hopkins Marine Station,USA,,,
Marine_species,Fisheries Research Station junagadh agricultural university sikka ,India,,,
Marine_species,"Project Manager - DDTS EU Exit Programme| Department for Environment, Food and Rural Affairs",United Kingdom,,,
Marine_species,Office de l'Environnement de la Corse,France,,,
Marine_species,ILVO,Belgium,,,
Marine_species,Massey University Auckland,New Zealand,,,
Marine_species,The University of Chicago,United States,,,
Marine_species,"University of California, Santa Barbara",USA,,,
Marine_species,Yale university,N/A,,,
Marine_species,University of Tartu,Estonia,,,
Marine_species,James Cook University,N/A,,,
Marine_species,University of Oslo,Norway,,,
Marine_species,"Swedish Museum of Natural History, Department of Palaeobiology",Sweden,,,
Marine_species,"Duke University, William Peace University",United States,,,
Marine_species,Cyprus University of Technology,Cyprus,,,
Marine_species,Aquazoo Löbbecke Museum Düsseldorf,Germany,,,
Marine_species,Florida International University,N/A,,,
Marine_species,"iNaturalist, California Academy of Scienes and National Geogrraphic Society",United States,,,
Marine_species,"Reef Life Apps, LLC",Czech Republic,,,
Marine_species,Stichting observation international,Netherlands,,,
Marine_species,Arctos,United States,,,
Marine_species,Natural History Museum of Los Angeles County,USA,,,
Marine_species,Leigh Marine Laboratory,New Zealand,,,
Marine_species,"Ensenada Center for Scientific Research and Higher Education, CICESE",Mexico,,,
Marine_species,National Marine Fisheries Research Institute,Poland,,,
Marine_species,Virginia Institute of Marine Science,United States,,,
Marine_species,Harbor Branch Oceanographic Institution,USA,,,
Marine_species,California Academy of Sciences,United States,,,
Marine_species,"The Department of Agriculture, Environment and Rural Affairs",UK,,,
Marine_species,Northeastern University,USA,,,
Marine_species,Revive & Restore,United States,,,
Marine_species,Virginia Institute of Marine Science,United States,,,
Marine_species,Alive Fundació,Spain,,,
Marine_species,Stony Brook University,United States,,,
Marine_species,Stony Brook University,USA,,,
Marine_species,Monterey Bay Aquarium Research Institute (MBARI),United States,,,
Marine_species,NUI Galway,Ireland,,,
Marine_species,University of Hawaii at Hilo,United States,,,
Marine_species,Insitech Partners LLC,United States,,,
Marine_species,University of Louisiana at Lafayette,United States,,,
Marine_species,University Hamburg; Zentrum für Bioinformatik,Germany,,,
Marine_species,Dalhousie University,Canada,,,
Marine_species,"Sorbonne Université/CNRS, Laboratoire d'Océanographie de Villefranche",France,,,
Marine_species,Thomson Environmental Consultants,United Kingdom,,,
Marine_species,Monterey Bay Aquarium,USA,,,
Marine_species,MPEDA ,India,,,
Marine_species,Museums Victoria,Australia,,,
Marine_species,Oceana Europe,Belgium,,,
Marine_species,University of New Hampshire,United States,,,
Marine_species,Fugro GB Marine Ltd,United Kingdom,,,
Marine_species,University of New Hampshire,USA,,,
Marine_species,University of New Hampshire,USA,,,
Marine_species,University of Helsinki,Finland,,,
Marine_species,"Fisheries and Oceans Canada, Pacific Biological Station",Canada,,,
Marine_species,Department of Fisheries and Oceans,Canada,,,
Marine_species,"National Institutes of Health, National Center for Biotechnology Information",United States,,,
Marine_species,University of Plymouth,UK,,,
Marine_species,National Research Council of Italy,Italy,,,
Marine_species,Hawaii Institute of Marine Biology,Hawaii; U.S.A.,,,
Marine_species,Galway Marine Institute - Foras na Mara,Ireland,,,
Marine_species,Yale University,United States,,,
Marine_species,National University of Ireland Galway,Ireland,,,
Marine_species,"Museu de Ciències Naturals de Barcelona, Department of Palaeontology",Spain,,,
Marine_species,Third Institute of Oceanography,China,,,
Marine_species,Beijing Genomics Institute (BGI),China,,,
Marine_species,None,Finland,,,
Marine_species,"Taiwan Biodiversity Information Facility (TaiBIF), Biodiversity Research Centre,  Academia Sinica",Taiwan (Province of China),,,
Marine_species,Western Pacific Regional Fishery Management Council,United States,,,
Marine_species,CNRS IMBE: Mediterranean institute of Biodiversity and Ecology (marine and continental),France,,,
Marine_species,Cercle Geologique du Hainaut,France,,,
Marine_species,European Commission - DG SANTE,Belgium,,,
Marine_species,University of British Columbia,Canada,,,
Marine_species,College of Marine Life Science Ocean University of China,China,,,
Marine_species,Hellenic Centre for Marine Research,Greece,,,
Marine_species,NOAA-NCEI,United States,,,
Marine_species,Hopkins Marine Station,USA,,,
Marine_species,Beijing Genomics Institute (BGI),China,,,
Marine_species,Northwest University,China,,,
Marine_species,Ocean Networks Canada,Canada,,,
Marine_species,University of Southampton,United Kingdom,,,
Marine_species,Universiteit Gent,Belgium,,,
Marine_species,Murdoch University,Australia,,,
Marine_species,CEFAS,United Kingdom,,,
Marine_species,Universidad de Murcia,Spain,,,
Marine_species,Individual,Australia,,,
Marine_species,University of Pretoria,South-Africa,,,
Marine_species,Executive Environmnet Agency,Bulgaria,,,
Marine_species,Yale University,United States,,,
Marine_species,Scottish Environment Protection Agency,United Kingdom,,,
Marine_species,Australian Antarctic Data Centre,Australia,,,
Marine_species,Senckenberg Nature Research Society,Germany,,,
Marine_species,Victoria University of Wellington,New Zealand,,,
Marine_species,Zoological Society of London,United Kingdom,,,
Marine_species,Imperial College London,United Kingdom,,,
Marine_species,University Hamburg; Zentrum für Bioinformatik,Germany,,,
Marine_species,"University of California,  Berkeley",United States,,,
Marine_species,University of Guelph,Canada,,,
Marine_species,Missouri Botanical Garden,United States,,,
Marine_species, BASF SE,Germany,,,
Marine_species,Axiom Data Science,United States,,,
Marine_species,cefas,United Kingdom,,,
Marine_species,Field Museum of Natural History,United States,,,
Marine_species,Marine Institute Ireland,Ireland,,,
Marine_species,Senckenberg Research Institute and Natural History Museum,Germany,,,
Marine_species,"Muséum national d'Histoire naturelle (MNHN), Paris",France,,,
Marine_species,Barcode of Life Datasystem (BOLD) - Centre for Biodiversity Genomics (CBG) ,Canada,,,
Marine_species,Draper,United States,,,
Marine_species,European Bioinformatics Institute,UK,,,
Marine_species,Eco Marine Consultants,United Kingdom,,,
Marine_species,Station Biologique de Roscoff - CNRS - Sorbonne Université,France,,,
Marine_species," R/V Atlantis, and R/V Mirai Cruises.Scripps Institution of Oceanography",USA,,,
Marine_species,"Canadian National Collection of Insects,  Arachnids & Nematodes",Canada,,,
Marine_species,Haus der Natur Salzburg,Austria,,,
Marine_species,Natural History Museum Rotterdam,Netherlands,,,
Marine_species,Centre for Marine Environmental Sciences,Germany,,,
Marine_species,University Hamburg; Center for Natural History,Germany,,,
Marine_species,American Museum of Natural History,USA,,,
Marine_species,Universidade Federal Fluminense,Brazil,,,
Marine_species,Selkirk College,Canada,,,
Marine_species,Dalhousie Univeristy,Canada,,,
Marine_species,"Biodiversity Research Center, Academia Sinica",Taiwan (Province of China),,,
Marine_species,N/A,USA,,,
Marine_species,"Add-my-Pet portal ,  Vrije Universiteit van Amsterdam",Netherlands,,,
Marine_species,"Archaeology and Natural History,  The Australian National University",Australia,,,
Marine_species,"Base pour l'Inventaire des Observations Subaquatiques (BioObs), ",France,,,
Marine_species,"Biodata Mining Group,  Bielefeld University",Germany,,,
Marine_species,"Biodiversity Virtual e-Laboratory (BioVeL) Project,  Cardiff University",UK,,,
Marine_species,"Biological Information System for Marine Life (BISMaL), ",Japan,,,
Marine_species,"BlueBRIDGE,  Italian National Research Council",Italy,,,
Marine_species,"British Oceanographic Data Centre (BODC), ",UK,,,
Marine_species,"Check the current taxonomic classification benthic surveys samples,  Centre for Environment, Fisheries and Aquaculture Science",UK,,,
Marine_species,"Circolo Attività Subacquee Chieri,  Sezione Didattica",Italy,,,
Marine_species,"Citizen Science non profit group opistobranquis.info ,  VIMAR - Vida Marina ",Spain,,,
Marine_species,"Coral Reef Ecosystem Division (CRED),  NOAA",USA,,,
Marine_species,"CRITTERBASE project,  Alfred Wegener Institute for Polar- and Marine Research",Germany,,,
Marine_species,"DAERA.Marine taxon application (new version of UNICORN) ,  The Department of Agriculture, Environment and Rural Affairs",UK,,,
Marine_species,"Data Publisher for Earth & Environmental Science (PANGAEA) ,  Centre for Marine Environmental Sciences",Germany,,,
Marine_species,"Department of Marine Sciences,  University of the Aegean",Greece,,,
Marine_species,"Données d'Observations pour la Reconnaissance et l'Identification de la faune et de la flore Subaquatique (DORIS), ",France,,,
Marine_species,"Ecopath with Ecosim (EwE),  University of British Columbia",Canada,,,
Marine_species,"Ecospan Environmental Limited, ",UK,,,
Marine_species,"EMODNet Portal for Biology, ",EU,,,
Marine_species,"Encyclopedia of Life,  Smithsonian Institution",USA,,,
Marine_species,"Environmental Information Management (EIM) database,  Washington State Department of Ecology",USA,,,
Marine_species,"ETI BioInformatics, ",Netherlands,,,
Marine_species,"European Environment Agency,  EUNIS",Denmark,,,
Marine_species,"Fisheries Linked Open Data at the Fisheries and Aquaculture Department of FAO, ",Italy,,,
Marine_species,"Foraminifera.eu Project, ",Germany,,,
Marine_species,"Gaiaguide, ",Australia,,,
Marine_species,"Gardline Marine Sciences group, ",UK,,,
Marine_species,"GenBank,  National Center for Biotechnology Information (NCBI)",USA,,,
Marine_species,"Global Biotic Interactions (GloBI), ",Oakland,,,
Marine_species,"Global Genome Initiative,  Smithsonian Institution",US,,,
Marine_species,"Hafok, ",Sweden,,,
Marine_species,"Harbor Branch Oceanographic Institute,  Florida Atlantic University",USA,,,
Marine_species,"HELCOM,  Helsinki",Finland,,,
Marine_species,"Ifremer,  Laboratoire des sciences de l’Environnement MARin (LEMAR)",France,,,
Marine_species,"iMarine Project, ",Europe,,,
Marine_species,"iNaturalist ,  California Academy of Sciences",USA,,,
Marine_species,"Information about non domestic animals keeping ,  Base de Données des Espèces Non Domestiques (BDEND)",France,,,
Marine_species,"Information system on Aquatic Non-Indigenous and Cryptogenic Species (AquaNIS), ",Lithuania,,,
Marine_species,"Institut de Recherche pour le Développement (IRD),  Centre de Recherche Halieutique Méditerranéenne et Tropicale",France,,,
Marine_species,"Institut National de Recherche Halieutique (INRH), ",Morocco,,,
Marine_species,"International Institute for Species Exploration, ",USA,,,
Marine_species,"keep abreast with changes in the taxonomy,  Institute for Marine Resources and Ecosystem Studies",Netherlands,,,
Marine_species,"Keep the nomenclature up-to-date,  Natural History Collections of Tyrolean State Museum Ferdinandeum",Austria,,,
Marine_species,"L’Agence des aires marines protégées, ",France,,,
Marine_species,"MariLim Gesellschaft für Gewässeruntersuchung mbH, ",Germany,,,
Marine_species,"Marine Life Information Network (MarLIN), ",UK,,,
Marine_species,"Marine Research Lab,  Zoological Institute RAS",Russia,,,
Marine_species,"Marine Resource Modelling Group,  University of Strathclyde Dept. Mathematics and Statistics",UK,,,
Marine_species,"Maurice Lamontagne Institute,  Fisheries and Oceans",Canada,,,
Marine_species,"Mikrotax.org - pforams,  University College London",UK,,,
Marine_species,"MIT Sea Grant College Program, ",USA,,,
Marine_species,"National Academy of Sciences of Ukraine,  Institute of Biology of the Southern Seas (IBSS)",Ukraine,,,
Marine_species,"National benthic database,  University of Bordeaux",France,,,
Marine_species,"Nationalpark-Verwaltung Niedersächsisches Wattenmeer,  Wilhelmshaven",Germany,,,
Marine_species,"Natura Esperire/Experience Annalisa Tassini, ",Italy,,,
Marine_species,"Natural History Museum of Los Angeles County, ",USA,,,
Marine_species,"Natural History Museum Rotterdam,  Marine Invertebrates",Netherlands,,,
Marine_species,"Observation.org, ",Netherlands,,,
Marine_species,"Opale Surfcasting, ",France,,,
Marine_species,"Open Tree of Life, ",USA,,,
Marine_species,"PAPARA(ZZ)I Annotation tool,  Alfred Wegener Institute",Germany,,,
Marine_species,"Pelagos & Assemble databases,  Station Biologique de Roscoff",France,,,
Marine_species,"PhD on taxonomy of cyclopoida,  University of Baghdad",Iraq,,,
Marine_species,"Referred to webservices - WoRMS data (through the Lifewatch Species Information Backbon) will be used for updating taxon names in the internal databases of the Cawthron Institute,  Cawthron Institute",New Zealand,,,
Marine_species,"Resolve common names for Central & Northern California Ocean Observing System (CeNCOOS) ,  Research Institute",USA,,,
Marine_species,"Russell Renka - Shell List,  Southeast Missouri State University",USA,,,
Marine_species,"San Diego Supercomputer Center, ",USA,,,
Marine_species,"School of Computer Science,  University of Manchester",UK,,,
Marine_species,"Scratchpads,  Natural History Museum (NHM)",UK,,,
Marine_species,"SeaDataNet,  IMARES Wageningen UR",Netherlands,,,
Marine_species,"Specimen seashells,  Conchology Inc.",Philippines,,,
Marine_species,"Sponge Barcoding Project, ",Germany,,,
Marine_species,"strandvondsten.nl,  Utrecht",The Netherlands,,,
Marine_species,"Taxonome,  University of Sheffield",UK,,,
Marine_species,"Taxonomical reference for encoders using the RBINS-collection database ,  Operationele Directie Natuurlijk Milieu",Belgium,,,
Marine_species,"The Crab Database (crabdatabase.info), ",Czech Republic,,,
Marine_species,"The United States Antarctic Program at the National Museum of Natural History, ",USA,,,
Marine_species,"Unified Taxonomic Information Service (UTIS) ,  Botanic Garden and Botanical Museum Berlin-Dahlem",Germany,,,
Marine_species,"Update taxonomy ,  Diving Canary Islands",Spain,,,
Marine_species,"Validate taxonomy of their marine species,  Government Department of Conservation Services",Bermuda,,,
Marine_species,"Wikipedia FR, ",France,,,
Marine_species,"WikiProject on Gastropods. ,  Wikipedia",United States,,,
Marine_species,"WoRMS data will be used as taxonomic backbone for a collection of underwater photos - uses webservices,  Personal application",France,,,
Marine_regions,Global Fishing Watch,Global,,,
Marine_regions,Donut holes in international waters,Global,,,
Marine_regions,Ocean Health Index,Global,,,
Marine_regions,National Centers for Environmental Information < NOAA,USA,,,
Marine_regions,National Centers for Environmental Information < NOAA,USA,,,
Marine_regions,National Centers for Environmental Information < NOAA,USA,,,
Marine_regions,National Centers for Environmental Information < NOAA,USA,,,
Marine_regions,Food and Agriculture Organization of the United Nations (FAO),Global,,,
Marine_regions,Rolling Deck to Repository (R2R),Global,,,
Marine_regions,Harpoon 3 Professional (H3MilSim),USA,,,
Marine_regions,FleetMon,Global,,,
Marine_regions,Australiane Government - Bureau of Meteorology,Australia,,,
Marine_regions,European Atlas of the Seas,Europe,,,
Marine_regions,?,,,,
Marine_regions,InterRdge Vents Database,Global,,,
Marine_regions,Sea Around US,Canada,,,
Marine_regions,?,,,,
Marine_regions,Ocean Biogeographic Information System (OBIS),Global,,,
Marine_regions,?,,,,
Marine_regions,World Register of Marine Species (WoRMS),Global,,,
Marine_regions,?,,,,
Marine_regions,Seamounts online,Global,,,
Marine_regions,?,,,,
Marine_regions,Geology Without Limits,Global,,,
Marine_regions,Australian Government - Bureau of Meteorology,Australia,,,
Marine_regions,?,,,,
Marine_regions,MESP,USA,,,
Marine_regions,4C Offshore Ltd.,UK,,,
Marine_regions,Natural Earth,Global,,,
Marine_regions,GOV.UK,UK,,,
Marine_regions,?,,,,
Marine_regions,European Union - Joint Research Centre,Europe,,,
Marine_regions,personal github repository,,,,
Marine_regions,The BOBLME MPA Atlas,Global,,,
Marine_regions,GEO BON,Germany,,,
Marine_regions,Open Street Map Foundation,UK,,,
Marine_regions,ILVO,Belgium,,,
Marine_regions,International Atomic Energy Agency (IAEA),Austria,,,
Marine_regions,S&P Global Inc.,USA,,,
Marine_regions,International Council on Clean Transportation,Global,,,
Marine_regions,Oceana,Global,,,
Marine_regions,Akvaplan-niva,Norway,,,
Marine_regions,Australian Antarctic Division,Australia,,,
Marine_regions,Australian National University,Australia,,,
Marine_regions,Aarhus University,Denmark,,,
Marine_regions,AWI,Germany,,,
Marine_regions,Bangor University,UK,,,
Marine_regions,Cardiff University,UK,,,
Marine_regions,CEFAS,UK,,,
Marine_regions,CRIMARIO2,Europe,,,
Marine_regions,CSIRO,Australia,,,
Marine_regions,CNRS,France,,,
Marine_regions,Columbia University,USA,,,
Marine_regions,Dalhousie University,Canada,,,
Marine_regions,DHI,Global,,,
Marine_regions,Duke University,USA,,,
Marine_regions,EarthScope-Oceans,Global,,,
Marine_regions,Free University of Brussels,Belgium,,,
Marine_regions,Fort Lewis College,USA,,,
Marine_regions,Ghent University,Belgium,,,
Marine_regions,Global Biodiversity Information Facility,Global,,,
Marine_regions,Heidelberg University,Germany,,,
Marine_regions,Hokkaido University,Japan,,,
Marine_regions,IFREMER,France,,,
Marine_regions,IMARES,Netherlands,,,
Marine_regions,Indian National Centre for Ocean Information Services,India,,,
Marine_regions,Institute of Marine Research - Havforskningsinstituttet,Norway,,,
Marine_regions,Irish Marine Institute,Ireland,,,
Marine_regions,James Cook University,Australia,,,
Marine_regions,Kenya Marine and Fisheries Research Institute,Kenya,,,
Marine_regions,Leibniz Institute of Marine Sciences,Germany,,,
Marine_regions,Marine and Environmental Sciences Centre,Portugal,,,
Marine_regions,NIOZ,Netherlands,,,
Marine_regions,Pacific Community,Global,,,
Marine_regions,Plymouth Marine Laboratory,UK,,,
Marine_regions,Project Drawdown,USA,,,
Marine_regions,Royal United Services Institute for Defence and Security Studies,UK,,,
Marine_regions,Scripps Institution of Oceanography,USA,,,
Marine_regions,Universidad Nacional Autónoma de México,Mexico,,,
Marine_regions,University of Delaware,USA,,,
Marine_regions,University of Hawaii,USA,,,
Marine_regions,"University of Tasmania, Australia",Australia,,,
Marine_regions,University of the West Indies,Jamaica,,,
Marine_regions,University of Washington,USA,,,
Marine_regions,U.S. Geological Survey,USA,,,
Marine_regions,Woods Hole Oceanographic Institution,USA,,,
Marine_regions,Agence des aires marines protégées,France,,,
Marine_regions,Armada Española,Spain,,,
Marine_regions,British Antarctic Survey,UK,,,
Marine_regions,Canadian Coast Guard,Canada,,,
Marine_regions,Danish Defence Intelligence Service,Denmark,,,
Marine_regions,"Department of Agriculture, Forestry and Fisheries South Africa",South Africa,,,
Marine_regions,European Maritime Safety Agency,Europe,,,
Marine_regions,Eurostat-GISCO,Europe,,,
Marine_regions,US Fleet Forces Command,USA,,,
Marine_regions,Fisheries and Oceans Canada,Canada,,,
Marine_regions,US Environmental Protection Agency,USA,,,
Marine_regions,European Environmental Agency,Europe,,,
Marine_regions,FAO Fisheries and aquaculture department,Global,,,
Marine_regions,Geoscience Australia,Australia,,,
Marine_regions,Italian Navy Hydrographic Institute,Italy,,,
Marine_regions,UNEP/GRID-Arendal,Global,,,
Marine_regions,International Astronautical Federation,Global,,,
Marine_regions,Korean Fisheries Monitoring Center,South Korea,,,
Marine_regions,Ministry of Foreign Affairs - Hellinic Republic,Greece,,,
Marine_regions,National Oceanic and Atmospheric Administration,USA,,,
Marine_regions,National Renewable Energy Laboratory,USA,,,
Marine_regions,Pacific Islands Forum Fisheries Agency,Global,,,
Marine_regions,Space and Naval Warfare Systems Command,USA,,,
Marine_regions,Swedish Agency for Marine and Water Management,Sweden,,,
Marine_regions,UK Space Agency,UK,,,
Marine_regions,UNEP-WCMC,Global,,,
Marine_regions,US Coast Guard,USA,,,
Marine_regions,US Department of Veterans Affairs,USA,,,
Marine_regions,US Fleet Forces Command,USA,,,
Marine_regions,International Seabed Authority,Global,,,
Marine_regions,4C Offshore Ltd.,UK,,,
Marine_regions,Aereon Marine,USA,,,
Marine_regions,Albacora Group,Spain,,,
Marine_regions,Airborne Petroleum Geophysics,Global,,,
Marine_regions,Arcadis,Netherlands,,,
Marine_regions,BP,Global,,,
Marine_regions,Applied Science Associates,USA,,,
Marine_regions,Bakri Navigation Company Limited,Saudi Arabia,,,
Marine_regions,BarrowsCo,USA,,,
Marine_regions,Belgian Offshore Platform,Belgium,,,
Marine_regions,BHP,Global,,,
Marine_regions,CGG,,,,
Marine_regions,CLS,France,,,
Marine_regions,Control Risks,Global,,,
Marine_regions,Ørsted,Denmark,,,
Marine_regions,EarthX,Global,,,
Marine_regions,ESRI,USA,,,
Marine_regions,ExxonMobil,USA,,,
Marine_regions,FM Global,Global,,,
Marine_regions,IHS Markit,Global,,,
Marine_regions,Jan De Nul,Global,,,
Marine_regions,Lighthouse,Global,,,
Marine_regions,MAAS,Netherlands,,,
Marine_regions,Wood,Global,,,
Marine_regions,Verisk Maplecroft,Global,,,
Marine_regions,MDA,,,,
Marine_regions,Seas of Solutions,Europe,,,
Marine_regions,Nautoshark,UK,,,
Marine_regions,NKT,Global,,,
Marine_regions,OMV Group,Global,,,
Marine_regions,Oralia Maritime,,,,
Marine_regions,Ophir,,,,
Marine_regions,PacNet,Global,,,
Marine_regions,Pelagian,,,,
Marine_regions,PWC,Global,,,
Marine_regions,Primeval Treks,,,,
Marine_regions,Ramboll,Denmark,,,
Marine_regions,SAIC,China,,,
Marine_regions,ScanReach,Norway,,,
Marine_regions,Shell,Global,,,
Marine_regions,Telstra,Australia,,,
Marine_regions,SAGA,UK,,,
Marine_regions,Vickers Nolan Enterprises,USA,,,
Marine_regions,Voyager,Global,,,
Marine_regions,Equinor,Global,,,
Marine_regions,American Bird Conservancy,USA,,,
Marine_regions,BirdLife International,Global,,,
Marine_regions,Conservation International,Global,,,
Marine_regions,Greenpeace,Global,,,
Marine_regions,International Fund for Animal Welfare,Global,,,
Marine_regions,International Union for Conservation of Nature (IUCN),Global,,,
Marine_regions,The Nature Conservancy,USA,,,
Marine_regions,Oceana,Global,,,
Marine_regions,WorldFish,Global,,,
Marine_regions,WWF,Global,,,
Marine_regions,Bloomberg,Global,,,
Marine_regions,Reuters,Global,,,
Marine_regions,The New York Times,USA,,,
Mailing_List,personal emailadres,NA,,,
Mailing_List,INBO,Belgium,,,
Mailing_List,"Ugent, Faculty of Sciences, Departement of Biology, Terrestrial Ecology Unit",Belgium,,,
Mailing_List,"Research Institute for Agriculture, Fisheries and Food (ILVO)",Belgium,,,
Mailing_List,personal emailadres,Belgium,,,
Mailing_List,Belspo,Belgium,,,
Mailing_List,Consortium of European Taxonomic Facilities (CETAF),Belgium,,,
Mailing_List,VLIZ,Belgium,,,
Mailing_List,School of Veterinary Medicine,Greece,,,
Mailing_List,VLIZ,Belgium,,,
Mailing_List,Belgian Biodiversity Platform (BBPf),Belgium,,,
Mailing_List,"Ugent, Faculty of Sciences, Departement of Biology, Marine Biology Research group",Belgium,,,
Mailing_List,Royal Belgian Institute of Natural Sciences (RBINS),Belgium,,,
Mailing_List,VLIZ,Belgium,,,
Mailing_List,VLIZ,Belgium,,,
Mailing_List,Natagora Aves,Belgium,,,
Mailing_List,Royal Belgian Institute of Natural Sciences (RBINS),Belgium,,,
Mailing_List,personal emailadres,NA,,,
Mailing_List,"Uliege, TERRA Research centre",Belgium,,,
Mailing_List,INBO,Belgium,,,
Mailing_List,VLIZ,Belgium,,,
Mailing_List,VLIZ,Belgium,,,
Mailing_List,"Uantwerpen, Department of Biology, Behavioural Ecology and Eco-Physiology Group",Belgium,,,
Mailing_List,Royal Belgian Institute of Natural Sciences (RBINS),Belgium,,,
Mailing_List,personal emailadres,NA,,,
Mailing_List,Royal Belgian Institute of Natural Sciences (RBINS),Belgium,,,
Mailing_List,Royal Belgian Institute of Natural Sciences (RBINS),Belgium,,,
Mailing_List,Royal Belgian Institute of Natural Sciences (RBINS),Belgium,,,
Mailing_List,VLIZ,Belgium,,,
Mailing_List,European Marine Board (EMB),Belgium,,,
Mailing_List,"Université Libre De Bruxelles, Marine Biology Lab",Belgium,,,
Mailing_List,"Ugent, Faculty of Sciences, Departement of Biology, Marine Biology Research group",Belgium,,,
Mailing_List,Royal Belgian Institute of Natural Sciences (RBINS),Belgium,,,
Mailing_List,VLIZ,Belgium,,,
Mailing_List,FWO,Belgium,,,
Mailing_List,VLIZ,Belgium,,,
Mailing_List,LifeWatch ERIC,Europe,,,
Mailing_List,LifeWatch ERIC,Europe,,,
Mailing_List,VLIZ,Belgium,,,
Mailing_List,"Ugent, Falculty of Bioscience Engineering, Department of Animal Sciences and Aquatic Ecology, GhEnToxLab",Belgium,,,
Mailing_List,WWF Belgium,Global,,,
Mailing_List,INBO,Belgium,,,
Mailing_List,VLIZ,Belgium,,,
Mailing_List,INBO,Belgium,,,
Mailing_List,School of Veterinary Medicine,Greece,,,
Mailing_List,project(!) - De Rijke Noordzee - samen werking tussen Stichting De Noordzee en Natuur En Milieu  - Eline verbonden aan Stichting De Noordzee,The Netherlands,,,
Mailing_List,VLIZ,Belgium,,,
Mailing_List,European Space Agency,Europe,,,
Mailing_List,project(!) - De Rijke Noordzee - samen werking tussen Stichting De Noordzee en Natuur En Milieu,The Netherlands,,,
Mailing_List,Vlaamse Instelling voor Technologisch Onderzoek (VITO),Belgium,,,
Mailing_List,INBO,Belgium,,,
Mailing_List,INBO,Belgium,,,
Mailing_List,INBO,Belgium,,,
Mailing_List,"KULeuven, Department of Biology, Ecology, Evolution and Biodiversity Conservation Section; Laboratorium voor Biodiversiteit en Evolutionaire Genomica (LBEG)",Belgium,,,
Mailing_List,VLIZ,Belgium,,,
Mailing_List,VLIZ,Belgium,,,
Mailing_List,Plantentuin Meise,Belgium,,,
Mailing_List,INBO,Belgium,,,
Mailing_List,VLIZ,Belgium,,,
Mailing_List,"Department of Economy, Science and Innovation",Belgium,,,
Mailing_List,"Department of Economy, Science and Innovation",Belgium,,,
Mailing_List,Royal Belgian Institute of Natural Sciences (RBINS),Belgium,,,
Mailing_List,"Brazilian Government, Ministry of Agriculture, Livestock and Food supply, Brazilian Agricultural Research Corporation",Brazil,,,
Mailing_List,"Ugent, Faculty of Sciences, Departement of Biology, Terrestrial Ecology Unit",Belgium,,,
Mailing_List,INBO,Belgium,,,
Mailing_List,VLIZ,Belgium,,,
Mailing_List,"Swedish University of Agricultural Sciences (SLU), Department of Wildlife, Fish and Environmental Studies",Sweden,,,
Mailing_List,Royal Belgian Institute of Natural Sciences (RBINS),Belgium,,,
Mailing_List,INBO,Belgium,,,
Mailing_List,"Ugent, Faculty of Sciences, Departement of Biology, Terrestrial Ecology Unit",Belgium,,,
Mailing_List,VLIZ,Belgium,,,
Mailing_List,VLIZ,Belgium,,,
Mailing_List,VLIZ,Belgium,,,
Mailing_List,Royal Belgian Institute of Natural Sciences (RBINS),Belgium,,,
Mailing_List,INBO,Belgium,,,
Mailing_List,"Ugent, Falculty of Bioscience Engineering, Department of Animal Sciences and Aquatic Ecology, GhEnToxLab",Belgium,,,
Mailing_List,EMODnet Secretariat,Europe,,,
Mailing_List,VLIZ,Belgium,,,
Mailing_List,"Ugent, Departement of of Animal Science and Aquatic Ecology, Aquatic Ecology (AECO)",Belgium,,,
Mailing_List,"Ugent, Faculty of Bioscience Engineering, Departement of Data analysis and mathematical modelling",Belgium,,,
Mailing_List,INBO,Belgium,,,
Mailing_List,Fédération Wallonie-Bruxelles,Belgium,,,
Mailing_List,INBO,Belgium,,,
Mailing_List,Ardenne & Gaume,Belgium,,,
Mailing_List,INBO,Belgium,,,
Mailing_List,VLIZ,Belgium,,,
Mailing_List,INBO,Belgium,,,
Mailing_List,"Wageningen University & Research, Wageningen Marine Research",Netherlands,,,
Mailing_List,European Marine Board (EMB),Belgium,,,
Mailing_List,"Uhasselt, Faculty of Sciences, Department of Biology and Geology, Researchgroup of Zooloy: Biodiversity and Toxicology, Research Centre for Envronmental Sciences",Belgium,,," Research Centre for Envronmental Sciences""		Belgium"
Mailing_List,VLIZ,Belgium,,,
Mailing_List,VLIZ,Belgium,,,
Mailing_List,Belgian Biodiversity Platform (BBPf),Belgium,,,
Mailing_List,INBO,Belgium,,,
Mailing_List,VLIZ,Belgium,,,
Mailing_List,personal emailadres,NA,,,
Mailing_List,LifeWatch ERIC,Europe,,,
Mailing_List,"Université Catholique de Louvain, Department of Sciences and Technology, Earth and Life Institute, Environmental Sciences",Belgium,,,
Mailing_List,"Ugent, Falculty of Bioscience Engineering, Department of Animal Sciences and Aquatic Ecology, GhEnToxLab",Belgium,,,
Mailing_List,VLIZ,Belgium,,,
Mailing_List,Royal Belgian Institute of Natural Sciences (RBINS),Belgium,,,
Mailing_List,VLIZ,Belgium,,,
Mailing_List,AfricaMuseum,Belgium,,,
Mailing_List,Service public de Wallonie (SPW),Belgium,,,
Mailing_List,VLIZ,Belgium,,,
Mailing_List,VLIZ,Belgium,,,
Mailing_List,"Research Institute for Agriculture, Fisheries and Food (ILVO)",Belgium,,,
Mailing_List,AfricaMuseum,Belgium,,,
Mailing_List,Lotek,Canada,,,
Mailing_List,Royal Belgian Institute of Natural Sciences (RBINS),Belgium,,,
Mailing_List,VLIZ,Belgium,,,
Mailing_List,VLIZ,Belgium,,,
Mailing_List,Defensie,Belgium,,,
Mailing_List,VLIZ,Belgium,,,
Mailing_List,VLIZ,Belgium,,,
Mailing_List,INBO,Belgium,,,
Mailing_List,INBO,Belgium,,,
Mailing_List,"Ugent, Faculty of Sciences, Departement of Biology, Terrestrial Ecology Unit",Belgium,,,
Mailing_List,"Ugent, Falculty of Sciences, Departement of Biology, PAE",Belgium,,,
Mailing_List,"Ugent, Faculty of Verterinary Medicine, Department of Virology, parasitology and immunology",Belgium,,,
Mailing_List,Royal Belgian Institute of Natural Sciences (RBINS),Belgium,,,
Mailing_List,AfricaMuseum,Belgium,,,
Mailing_List,AfricaMuseum,Belgium,,,
Mailing_List,"Uliege, Gembloux Agro-Bio Tech ",Belgium,,,
Mailing_List,INBO,Belgium,,,
Mailing_List,VLIZ,Belgium,,,
Mailing_List,"Ugent, Faculty of Sciences, Departement of Biology, Marine Biology Research group",Belgium,,,
Mailing_List,"Uhasselt, Faculty of Sciences, Department of Biology and Geology, Researchgroup of Zooloy: Biodiversity and Toxicology, Research Centre for Envronmental Sciences",Belgium,,," Research Centre for Envronmental Sciences""		Belgium"
Mailing_List,"Uantwerpen, Department of Biology, Behavioural Ecology and Eco-Physiology Group",Belgium,,,
Mailing_List,"Université Catholique de Louvain, Department of Sciences and Technology, Earth and Life Institute, Environmental Sciences",Belgium,,,
Mailing_List,INBO,Belgium,,,
Mailing_List,personal emailadres,NA,,,
Mailing_List,Royal Belgian Institute of Natural Sciences (RBINS),Belgium,,,
Mailing_List,"Department of Economy, Science and Innovation",Belgium,,,
Mailing_List,VLIZ,Belgium,,,
Mailing_List,VLIZ,Belgium,,,
Mailing_List,"Uhasselt, Faculty of Sciences, Department of Biology and Geology, Research group of Environmental Biology, Researh Centre for Environmental Sciences",Belgium,,," Researh Centre for Environmental Sciences""		Belgium"
Mailing_List,INBO,Belgium,,,
Mailing_List,AfricaMuseum,Belgium,,,
Mailing_List,VLIZ,Belgium,,,
Mailing_List,Belgian Biodiversity Platform (BBPf),Belgium,,,
Mailing_List,INBO,Belgium,,,
Mailing_List,"Ugent, Faculty of Sciences, Departement of Biology, Marine Biology Research group",Belgium,,,
Mailing_List,Royal Belgian Institute of Natural Sciences (RBINS),Belgium,,,
Mailing_List,personal emailadres,Italy,,,
Mailing_List,VLIZ,Belgium,,,
Mailing_List,Royal Belgian Institute of Natural Sciences (RBINS),Belgium,,,
Mailing_List,Royal Belgian Institute of Natural Sciences (RBINS),Belgium,,,
Mailing_List,VLIZ,Belgium,,,
Mailing_List,Natagora,Belgium,,,
Mailing_List,INBO,Belgium,,,
Mailing_List,"Ugent, Departement of of Animal Science and Aquatic Ecology, Aquatic Ecology (AECO)",Belgium,,,
Mailing_List,Deltares,Netherlands,,,
Mailing_List,VLIZ,Belgium,,,
Mailing_List,Vlaamse Overheid,Belgium,,,
Mailing_List,Provincie Ooste-Vlaanderen,Belgium,,,
Mailing_List,UNESCO/IOC Project Office for IODE,Belgium,,,
Mailing_List,"Ugent, Faculty of Sciences, Departement of Biology, Marine Biology Research group",Belgium,,,
Mailing_List,"Australia National University, Research School of Earth Sciences",Australia,,,
Mailing_List,personal emailadres,NA,,,
Mailing_List,Vlaamse Instelling voor Technologisch Onderzoek (VITO),Belgium,,,
Mailing_List,VLIZ,Belgium,,,
Mailing_List,VLIZ,Belgium,,,
Mailing_List,personal emailadres,NA,,,
Mailing_List,VLIZ,Belgium,,,
Mailing_List,personal emailadres,NA,,,
Mailing_List,personal emailadres,NA,,,
Mailing_List,UNESCO/IOC Project Office for IODE,Belgium,,,
Mailing_List,VLIZ,Belgium,,,
Mailing_List,VLIZ,Belgium,,,
Mailing_List,personal emailadres,NA,,,
Mailing_List,Defensie,Belgium,,,
Mailing_List,Royal Belgian Institute of Natural Sciences (RBINS),Belgium,,,
Mailing_List,Royal Belgian Institute of Natural Sciences (RBINS),Belgium,,,
Mailing_List,VLIZ,Belgium,,,
Mailing_List,"Ugent, Departement of of Animal Science and Aquatic Ecology, Aquatic Ecology (AECO)",Belgium,,,
Mailing_List,Federale Overheidsdienst Justitie,Belgium,,,
Mailing_List,INBO,Belgium,,,
Mailing_List,Royal Belgian Institute of Natural Sciences (RBINS),Belgium,,,
Mailing_List,personal emailadres,NA,,,
Mailing_List,"Uliege, TERRA Research centre",Belgium,,,
Mailing_List,"Uliege, TERRA Research centre",Belgium,,,
Mailing_List,"Université Catholique de Louvain, Department of Sciences and Technology, Earth and Life Institute, Environmental Sciences",Belgium,,,
Mailing_List,INBO,Belgium,,,
Mailing_List,VLIZ,Belgium,,,
Mailing_List,"Uhasselt, Faculty of Sciences, Department of Biology and Geology, Researchgroup of Zooloy: Biodiversity and Toxicology, Research Centre for Envronmental Sciences",Belgium,,," Research Centre for Envronmental Sciences""		Belgium"
Mailing_List,INBO,Belgium,,,
Mailing_List,"Ugent, Faculty of Sciences, Departement of Biology, Marine Biology Research group",Belgium,,,
Mailing_List,University of Sheffield,UK,,,
Mailing_List,INBO,Belgium,,,
Mailing_List,VLIZ,Belgium,,,
Mailing_List,personal emailadres,NA,,,
Mailing_List,UNESCO/IOC Project Office for IODE,Belgium,,,
Mailing_List,"Uantwerpen, Department of Biology, Behavioural Ecology and Eco-Physiology Group",Belgium,,,
Mailing_List,VLIZ,Belgium,,,
Mailing_List,Institute of Tropical Medicine Antwerp,Belgium,,,
Mailing_List,"Ugent, Faculty of Sciences, Departement of Biology, Marine Biology Research group",Belgium,,,
Mailing_List,Royal Belgian Institute of Natural Sciences (RBINS),Belgium,,,
Mailing_List,Royal Belgian Institute of Natural Sciences (RBINS),Belgium,,,
Mailing_List,VLIZ,Belgium,,,
